http://i.imgur.com/TKLs9lo.jpg,#ffffffffffff,#fefefefefefe,#f7f7f7f7f7f7
http://i.imgur.com/qvnjbVw.jpg,#a9deac61b588,#a8ddab60b487,#aadfad62b689
http://i.imgur.com/tyDhTll.jpg,#70775f541,#50555d33f,#60665e440
https://i.redd.it/ihczg3pmle3z.jpg,#b07fb941a84d,#af7eb840a74c,#a372ac349b40
https://i.redd.it/c5pk0vnpg3ty.jpg,#6e1581d5cd2b,#6e15817dcef1,#fefefefefefe
http://i.imgur.com/puEqa4C.jpg,#90908e279cf7,#92928f79a285,#929290299efa
https://i.redd.it/h5t3qddvvzry.jpg,#e0ee0ee0e,#d0dd0dd0d,#202202202
https://i.redd.it/s5viyluv421z.jpg,#f5f1eecddd36,#f6f2efcede37,#7a99522f2fd3
http://i.imgur.com/sXhEQez.jpg,#ffffffffffff,#000000,#fefefefefefe
https://i.redd.it/cpkq97klre4z.jpg,#77dd78806849,#76dc777f6748,#b419b4bca485
https://i.redd.it/1nlgrn49x7ry.jpg,#f0ff0ff0f,#101010101010,#13de1053d85
https://i.redd.it/4m5yk8gjrtzy.jpg,#101101101,#2674a101,#3ce00101
https://i.redd.it/tb5pckm6e72y.jpg,#b883b658ab13,#a0a0a1509d15,#a1a1a2519e16
http://i.imgur.com/6pnYQUv.jpg,#18b31a201da5,#19b41b211ea6,#17b2191f1ca4
https://i.redd.it/ax4eueu0szpy.jpg,#228c279239e0,#bcbcba54c924,#bcbcbaacc75e
https://i.redd.it/cwljeujku33z.jpg,#e9b4e6d9dfd0,#e4afe17cdc90,#ea1ae521decf
http://i.imgur.com/FApqk3D.jpg,#ffffffffffffhttps://i.redd.it/ru12lvaf7jyy.jpg,#9d6899dd970f,#000000,#f3d0c3a500
,#9c6798dc960e,#9e699ade9810
https://i.redd.it/n9jq5j2tatcy.jpg,#f392ff94ff87,#f392ffecfdc1,#f392ff3cffff
http://i.imgur.com/lcEUZHv.jpg,#ffffffffffff,#c6c2bc2dbfbf,#44ae4a0c5a3c
https://i.redd.it/fyqzavufvjwy.jpg,#dd2cb07a838f,#fefefefefefe,#db2aae78818d
https://i.redd.it/rubsfuf64lvy.jpg,#bbb7b493a2fc,#bcb8b594a3fd,#bab6b392a1fb
http://i.imgur.com/RycdbMO.jpg,#d69dca35c065,#d299c631bc61,#f15bf819ffd3
https://i.redd.it/xae65ypfqycy.jpg,#f4f4f4f4f4f4,#c8543a4b2e3a,#c2bd455741a8
http://i.imgur.com/pt9rmrv.jpg,#ffffffffffff,#fcf4eb93db70,#fbf3ea92da6f
https://i.redd.it/w5q6gldnvcuy.jpg,#f3f3f3f3f3f3,#197f16581d68,#187e15571c67
https://i.redd.it/guul6eld2soy.jpg,#6b747b74940d,#6d767d76960f,#807c795867c1
https://i.redd.it/sn7ufk9fsv4z.jpg,#cc9cd194d7e7,#cb9bd093d6e6,#ca9acf92d5e5
https://i.imgur.com/HRgRMOw.jpg,#a4a4a3f4a82f,#402a8a20592a,#402a89c85af0
http://i.imgur.com/M3NOzLC.jpg,#ffffffffffff,#93c490dc7dd7,#92c38fdb7cd6
https://i.redd.it/0qow2dksb34z.jpg,#ffffffffffff,#a01bcaa3ec48,#fffffffffe3a
http://i.imgur.com/Gh2I3pq.jpg,#ce90b94da87a,#c7efb0e69eac,#cf91ba4ea97b
https://i.redd.it/m4cfqp8wfv5z.jpg,#dadada82dca0,#d1d1d1d1d1d1,#d0d0d0d0d0d0
https://i.redd.it/7ofdqmp53bzy.jpg,#95c18a556e30,#94c089546d2f,#93bf88536c2e
https://i.redd.it/lsuw4p2ncyny.jpg,#ffffffffffff,#a7c1788d427b,#a6c0778c417a
https://i.redd.it/cpkq97klre4z.jpg,#77dd78806849,#76dc777f6748,#b419b4bca485
https://i.redd.it/h5t3qddvvzry.jpg,#e0ee0ee0e,#d0dd0dd0d,#202202202
https://i.redd.it/c5pk0vnpg3ty.jpg,#6e1581d5cd2b,#6e15817dcef1,#fefefefefefe
https://i.redd.it/ihczg3pmle3z.jpg,#b07fb941a84d,#af7eb840a74c,#a372ac349b40
https://i.redd.it/1nlgrn49x7ry.jpg,#f0ff0ff0f,#101010101010,#13de1053d85
https://i.redd.it/s5viyluv421z.jpg,#f5f1eecddd36,#f6f2efcede37,#7a99522f2fd3
https://i.redd.it/4m5yk8gjrtzy.jpg,#101101101,#2674a101,#3ce00101
https://i.redd.it/tb5pckm6e72y.jpg,#b883b658ab13,#a0a0a1509d15,#a1a1a2519e16
https://i.redd.it/cwljeujku33z.jpg,#e9b4e6d9dfd0,#e4afe17cdc90,#ea1ae521decf
https://i.redd.it/ax4eueu0szpy.jpg,#228c279239e0,#bcbcba54c924,#bcbcbaacc75e
https://i.redd.it/fyqzavufvjwy.jpg,#dd2cb07a838f,#fefefefefefe,#db2aae78818d
https://i.redd.it/n9jq5j2tatcy.jpg,#f392ff94ff87,#f392ffecfdc1,#f392ff3cffff
https://i.redd.it/rubsfuf64lvy.jpg,#bbb7b493a2fc,#bcb8b594a3fd,#bab6b392a1fb
https://i.redd.it/ru12lvaf7jyy.jpg,#9d6899dd970f,#9c6798dc960e,#9e699ade9810
https://i.redd.it/xae65ypfqycy.jpg,#f4f4f4f4f4f4,#c8543a4b2e3a,#c2bd455741a8
http://i.imgur.com/qvnjbVw.jpg,#a9deac61b588,#a8ddab60b487,#aadfad62b689
https://i.redd.it/w5q6gldnvcuy.jpg,#f3f3f3f3f3f3,#197f16581d68,#187e15571c67
http://i.imgur.com/TKLs9lo.jpg,#ffffffffffff,#fefefefefefe,#f7f7f7f7f7f7
http://i.imgur.com/puEqa4C.jpg,#90908e279cf7,#92928f79a285,#929290299efa
http://i.imgur.com/tyDhTll.jpg,#70775f541,#50555d33f,#60665e440
http://i.imgur.com/6pnYQUv.jpg,#18b31a201da5,#19b41b211ea6,#17b2191f1ca4
https://i.redd.it/guul6eld2soy.jpg,#6b747b74940d,#6d767d76960f,#807c795867c1
https://i.redd.it/0qow2dksb34z.jpg,#ffffffffffff,#a01bcaa3ec48,#fffffffffe3a
https://i.redd.it/sn7ufk9fsv4z.jpg,#cc9cd194d7e7,#cb9bd093d6e6,#ca9acf92d5e5
http://i.imgur.com/sXhEQez.jpg,#ffffffffffff,#000000,#fefefefefefe
http://i.imgur.com/RycdbMO.jpg,#d69dca35c065,#d299c631bc61,#f15bf819ffd3
http://i.imgur.com/FApqk3D.jpg,#ffffffffffff,#000000,#f3d0c3a500
https://i.redd.it/m4cfqp8wfv5z.jpg,#dadada82dca0,#d1d1d1d1d1d1,#d0d0d0d0d0d0
https://i.redd.it/7ofdqmp53bzy.jpg,#95c18a556e30,#94c089546d2f,#93bf88536c2e
http://i.imgur.com/lcEUZHv.jpg,#ffffffffffff,#c6c2bc2dbfbf,#44ae4a0c5a3c
http://i.imgur.com/M3NOzLC.jpg,#ffffffffffff,#93c490dc7dd7,#92c38fdb7cd6
https://i.redd.it/lsuw4p2ncyny.jpg,#ffffffffffff,#a7c1788d427b,#a6c0778c417a
http://i.imgur.com/pt9rmrv.jpg,#ffffffffffff,#fcf4eb93db70,#fbf3ea92da6f
https://i.imgur.com/HRgRMOw.jpg,#a4a4a3f4a82f,#402a8a20592a,#402a89c85af0
http://i.imgur.com/Gh2I3pq.jpg,#ce90b94da87a,#c7efb0e69eac,#cf91ba4ea97b
